metric,value
total_episodes,202.0
avg_episode_length,87.41584158415841
max_total_reward,54.75693508503443
avg_total_reward,-33.54865027634237
reward_std,31.17135491245145
final_100_avg_reward,-27.430981123437377
avg_health_reward,-0.6880942970073405
avg_engagement_reward,0.35968379446640314
avg_positioning_reward,0.016026440955829946
avg_score_reward,0.2896668548842462
avg_bonus_reward,-0.019999999999999997
avg_end_of_episode_reward,-0.33879164313946925
